name,success,email
Terri Sullivan,True,martinholly@carter.com
Jennifer Morton,True,littlemarilyn@gmail.com
Karen Leonard,False,bakeraustin@gmail.com
Andrea Bennett,False,schristensen@hotmail.com
Thomas Smith,False,mooremark@yahoo.com
Randy Mooney,False,nicoleanthony@gmail.com
Sergio Evans,False,cnicholson@kirby.com
Mrs. Gina Kelly,False,reidwayne@anderson-murphy.net
Kevin Thomas,True,hornwilliam@monroe-carter.com
Mary Mcguire,True,comptonlacey@yahoo.com
Joshua Barker,False,rroth@gmail.com
Kayla Soto,False,robertjohnson@conner-gonzales.biz
Thomas Melendez,False,andrewdaniel@pitts.com
Kathryn Taylor,True,craig90@moreno-rojas.com
Amanda Cook,False,swalsh@hotmail.com
Brooke Chaney,False,freed@hotmail.com
Natasha Charles,False,rfrank@yahoo.com
Kristen Padilla,False,roger64@brown.info
James Johnson,False,jenniferwilliams@hotmail.com
Alyssa Cox,True,hendersonfrank@hotmail.com
Lisa Williams,False,anthony49@baker.info
Sarah Hall,False,jefferymaldonado@jones.com
Cassandra Bailey,False,christopherlara@gmail.com
Cassandra Acosta,True,alexamartin@gmail.com
Jared Henry,False,johnsondavid@conner.info
Christopher Rose,False,uwallace@hotmail.com
Andre Moore,False,mcdonaldbeth@scott-carr.org
Robyn Sanders,True,richardsontaylor@hotmail.com
Pamela Miller,False,tiffany17@eaton.org
Kevin Erickson,False,steve11@gmail.com
Jesse Barker,False,gabrielle56@alvarez-bishop.com
Charles Spencer,True,danielsmartin@gmail.com
Todd Taylor,True,thomasfox@reynolds-irwin.com
Maria Knight,False,sanchezmartin@hotmail.com
Erica Jacobs,False,lbrown@wilson.info
Riley Ray,False,laura67@cunningham.com
Connie Wong,False,kelly43@morrison-keller.org
Mary Rose,False,ashley12@watkins.com
Renee Brown,False,pfisher@gmail.com
William Obrien,False,mdavis@walker.biz
Christopher Garcia,False,richardbright@yahoo.com
Aaron Hardy,False,wellsjimmy@murphy.org
Gregory Sanchez,False,gzamora@gmail.com
Troy Garcia,True,taylorescobar@gmail.com
Kimberly Lee DVM,True,thomaswalters@long-schneider.info
Angela Adams,True,holmesbrian@gmail.com
Jennifer Tran,True,marycook@johnson.biz
Lisa Kirby,True,dmoore@harris.com
Denise Petersen,False,hallchase@gmail.com
Alexander Castillo,False,tammy88@williamson.com
Shawn Orozco,True,johnathan22@hotmail.com
Christian Wheeler,True,wilsonlisa@bennett.net
Charles Christensen,False,mariogonzalez@rodriguez.com
Kimberly Bailey,False,kristinchan@gmail.com
Courtney Wilkinson,False,stefanie13@yahoo.com
Steve Norman,True,audrey82@gmail.com
Cynthia Brown,False,jonesanthony@anderson-nash.info
Robin Dean,True,sharon51@welch.biz
Natalie Jacobs,False,qtaylor@gmail.com
Joshua Coleman,True,mullenjoseph@yahoo.com
Kristie Williams,True,andrew87@hernandez.org
Joseph Graham,False,wroman@yahoo.com
Marcus Hinton,False,camachojohn@hotmail.com
Lauren Graves,True,tturner@richardson-andrade.com
Joshua Gonzalez,False,feliciarodriguez@arnold.com
Jack Freeman,False,rodriguezanthony@george-morris.com
Tracy Hubbard,False,simpsonlaura@blackburn-bell.com
Cindy Parks,True,harveychristine@yahoo.com
James Jimenez,False,ann81@gmail.com
Debbie Rogers,True,ruizeugene@gmail.com
Alexandra Lowery,True,johnanderson@benton.com
Karen Sanchez,False,amanda25@gmail.com
Jessica Carter,True,sadams@walters.com
Raymond Fernandez,True,morriseileen@hotmail.com
Paula Lloyd DVM,True,aprilanderson@allen-davidson.org
Christopher Brewer,False,perezgina@kelly.net
Melissa Gibson,False,christopherfitzgerald@hotmail.com
Aaron Young,False,cookcatherine@hotmail.com
Leslie Guerrero,False,pattersonheather@hubbard.info
Ashley Moreno,True,dennis44@hotmail.com
Tammy Evans,False,tyler68@hotmail.com
John James,True,jesse31@yahoo.com
Jerry Decker,False,christopher04@gmail.com
Kara Blair,True,evanwillis@yahoo.com
Jacob Hubbard,True,qpalmer@yahoo.com
Chelsea Adams,False,nancymartin@gmail.com
Michael Cabrera,True,tracie98@gmail.com
Ashley Livingston,False,paul24@yahoo.com
David Harris DDS,True,kreid@hotmail.com
Michael Weiss,False,mendozaterri@finley-jackson.com
Jeremy Hudson,False,weaverkatherine@yahoo.com
Christopher King,True,ytucker@lee.com
Margaret White,True,mstewart@lamb-johnston.com
Lori Taylor,True,hobbsaaron@williams.net
Sarah Henry,False,jefferyedwards@yahoo.com
Nicholas Lopez,False,sethhall@wade-clark.org
Sarah Allen,True,shawn22@gmail.com
James Mooney,True,hpaul@gmail.com
Stacy Contreras,False,ryanramirez@rasmussen-kim.com
Daniel Nelson,True,nsmith@hotmail.com
